platform,topic,tweet_id,author_id,text,created_at,retweets,likes,replies
twitter,marketing,1983911058348662995,1535335981829787648,"@_devJNS I agree with this. Weâ€™re just now seeing the beginning of what coding purely with AI is capable of, and next step is marketing. Marketing is almost the more challenging skill now, because itâ€™s easier now than it ever has been historically to develop.",2025-10-30T14:57:10.000Z,0,0,0
twitter,marketing,1983911057941778816,1937626201528356864,"@TheBestOfAdam @simpsoka @beyang @nickbaumann_ @haydenbleasel @harjotsgill I stuck with marketing, not building. anything there can help me with that?",2025-10-30T14:57:10.000Z,0,0,0
twitter,marketing,1983911051419693503,1935038184586625025,"Ever notice how one insight can change an entire marketing strategy?  I research human behavior, trends, and psychology behind content, and share my findings through CaseBreak.  If you love connecting data with storytelling, letâ€™s swap notes ğŸ“Šâœï¸",2025-10-30T14:57:08.000Z,0,0,0
twitter,marketing,1983911049431519329,741963904557953024,@Skazeguy @hxg_diluc Because CN is the main preffered target for marketing. They give the big monies,2025-10-30T14:57:08.000Z,0,0,0
twitter,marketing,1983911029043003441,1983584901892042752,"@ambprogram hello my dear  Digitstem is an online platform that pays weekly those who wish to start in affiliate marketing, which involves attracting customers and promoting digital products. so, if you want to gain more practical tools, strategies, and knowledge to start affiliate marketing",2025-10-30T14:57:03.000Z,0,0,0
twitter,marketing,1983911021052858484,1207447263464824834,@vote_velazquez I will be sharing out some of my Top trading strategies and marketing insight with those who are fully interested for Free. So Everyone follow the link below to join my trading group for more marketing insight and others profitable lectures ğŸ‘‡ğŸ‘‡ğŸ‘‡  https://t.co/W7uJm9Ujl2,2025-10-30T14:57:01.000Z,0,0,0
twitter,marketing,1983911015675785394,2689025179,Holiday Gifts Personalized by @JTSnell #sneller #snellercreative #snellercreativepromotions #madeinusa #gift #gifts #giftbox #giftpackaging #swag #merch #promotionalproducts #logo #logowear #apparel #clothing #marketing #branding #promotion #advertising #custom #unique #usa https://t.co/soM9TiXjFa,2025-10-30T14:57:00.000Z,0,1,0
twitter,marketing,1983911005177757870,1201661238,A newsletter isnâ€™t a marketing channel. Itâ€™s an owned asset.  Followers are rented attention. Readers are earned attention.  Every post on social media is rented space. Every email you send to your list is equity.  Building a newsletter isnâ€™t about growth hacks or algorithms.,2025-10-30T14:56:57.000Z,0,1,0
twitter,marketing,1983910980791754793,140504924,"@Dinos_ad @KGeN_IO Yeah, one of the best ways of marketing.",2025-10-30T14:56:51.000Z,0,0,0
twitter,marketing,1983910973644697931,1489284184065683459,@Roqeeb01 @Yellow @Peersyst @PlortalAI Execution like this speaks louder than any marketing effort could ever do king.,2025-10-30T14:56:50.000Z,0,0,0
twitter,marketing,1983910971698552948,917526654687285248,"To truly understand where we are and where weâ€™re going, @EvolveAfrica1 is inviting you all marketing and communications professionals to participate in the State of Marketing in Uganda 2025 Survey; https://t.co/GE4lACie3o  to Unpack the current trends.  #UMEAS5thAnniversary https://t.co/8RKSZHjNEc",2025-10-30T14:56:49.000Z,0,0,0
twitter,marketing,1983910964350107877,1056894785431265280,finding out that the people you went to high school with that always got the lead in every play and musical and every solo in choir and were basically worshipped for their talent just ended up in marketing with the rest of us anyway is so vindicating,2025-10-30T14:56:47.000Z,0,0,0
twitter,marketing,1983910956041216350,917526654687285248,"Looking at last yearâ€™s @umeawards , itâ€™s quite clear that the marketing industry in Uganda is evolving faster than ever from the rise of digital platforms and data driven storytelling.   @matookerepublic @nssfug   #UMEAS5thAnniversary  #MarketersBiggestNight https://t.co/K2QTmE11im",2025-10-30T14:56:45.000Z,0,0,1
twitter,marketing,1983910950710219052,1489346311874924548,"UPDATE ON LANGUAGE  A while ago, I began using the term ""sex-trait modification"" (STM) as an alternative to the sanitized and euphemistic ""gender-affirming care"" (STM). The latter is a marketing term and ill-suited for evidence-based, ethical medicine.     In response, some",2025-10-30T14:56:44.000Z,0,0,0
twitter,marketing,1983910932880204268,1712652316904460288,"Today, I delivered a successful training session for our Marketing Team. Great participation and inspiring discussions throughout the session!"" https://t.co/dqd64h7wsN",2025-10-30T14:56:40.000Z,0,0,0
twitter,marketing,1983910932829937975,1207447263464824834,@Haidarbackup2 I will be sharing out some of my Top trading strategies and marketing insight with those who are fully interested for Free. So Everyone follow the link below to join my trading group for more marketing insight and others profitable lectures ğŸ‘‡ğŸ‘‡ğŸ‘‡  https://t.co/W7uJm9Ujl2,2025-10-30T14:56:40.000Z,0,0,0
twitter,marketing,1983910927792767332,2698210285,"Love the vision: on-chain, intermediary-free token spins with built-in marketing fuel. Astra's raising the standard for equitable projectsâ€”watch $ASTRA catalyze the https://t.co/cmt9Lv1Udx the bag for me.$NEAR $RNDR $FET $TAO $ICP $XDC $PAXG $ONDO $LINK $MANTRA https://t.co/tLSxUyqKpO",2025-10-30T14:56:39.000Z,0,0,0
twitter,marketing,1983910925074915536,1583641038979469312,"When @integra_layer says â€œæˆ¿äº§ä»é™æ€èµ„äº§å˜èº«å¯ç¼–ç¨‹çš„æ•°å­—é‡‘çŸ¿â€, thatâ€™s not just marketing itâ€™s the thesis of RWA maturity   Real estate has always been rich in value but poor in motion. By fusing compliance into the base layer, Integra flips the paradigm:  trust that settles, https://t.co/5iH2AmGWoH",2025-10-30T14:56:38.000Z,0,0,0
twitter,marketing,1983910923434602921,1502350759618355204,@Marketingninjar Omo  I was shocked when all of a sudden I became head of strategic partnerships   Because I came up with a very interesting concept for our email marketing that increases our open rate,2025-10-30T14:56:38.000Z,0,0,0
twitter,marketing,1983910913309553042,1643768994275500033,Thereâ€™s a reason why thereâ€™s a child marketing the bag https://t.co/Z5zItPNnDY,2025-10-30T14:56:35.000Z,0,0,0
